,College,Mean Sentiment Score,n
0,New,0.3342539130434782,n=230
1,UC,0.3076630872483221,n=298
2,Trinity,0.41578018018018015,n=222
3,Victoria,0.4341645776566756,n=367
4,Woodsworth,0.47272138364779875,n=159
5,SMC,0.2919295081967213,n=183
6,Innis,0.3767718954248365,n=153
